poc_filename,v8_version_tested,issue_report_date,flags_used,crashed,log_file
poc_40057710.js,8.8.214,10/26/2021,#NAME?,TRUE,reproduce_logs/poc_40057710.js-8.8.214.log
poc_40057710.js,8.9.200,10/26/2021,#NAME?,TRUE,reproduce_logs/poc_40057710.js-8.9.200.log
poc_40057710.js,9.0.102,10/26/2021,#NAME?,TRUE,reproduce_logs/poc_40057710.js-9.0.102.log
poc_40057710.js,9.1.1,10/26/2021,#NAME?,TRUE,reproduce_logs/poc_40057710.js-9.1.1.log
poc_40057710.js,9.1.230,10/26/2021,#NAME?,TRUE,reproduce_logs/poc_40057710.js-9.1.230.log
poc_40057710.js,9.2.131,10/26/2021,#NAME?,TRUE,reproduce_logs/poc_40057710.js-9.2.131.log
poc_40057710.js,9.3.38,10/26/2021,#NAME?,TRUE,reproduce_logs/poc_40057710.js-9.3.38.log
poc_40057710.js,9.3.262,10/26/2021,#NAME?,TRUE,reproduce_logs/poc_40057710.js-9.3.262.log
poc_40057710.js,9.4.87,10/26/2021,#NAME?,TRUE,reproduce_logs/poc_40057710.js-9.4.87.log
poc_40057710.js,9.5.99,10/26/2021,#NAME?,TRUE,reproduce_logs/poc_40057710.js-9.5.99.log
poc_40057710.js,9.6.148,10/26/2021,#NAME?,TRUE,reproduce_logs/poc_40057710.js-9.6.148.log
poc_40057873.js,8.9.200,11/10/2021,#NAME?,FALSE,reproduce_logs/poc_40057873.js-8.9.200.log
poc_40057873.js,9.0.102,11/10/2021,#NAME?,FALSE,reproduce_logs/poc_40057873.js-9.0.102.log
poc_40057873.js,9.1.1,11/10/2021,#NAME?,FALSE,reproduce_logs/poc_40057873.js-9.1.1.log
poc_40057873.js,9.1.230,11/10/2021,#NAME?,FALSE,reproduce_logs/poc_40057873.js-9.1.230.log
poc_40057873.js,9.2.131,11/10/2021,#NAME?,FALSE,reproduce_logs/poc_40057873.js-9.2.131.log
poc_40057873.js,9.3.38,11/10/2021,#NAME?,FALSE,reproduce_logs/poc_40057873.js-9.3.38.log
poc_40057873.js,9.3.262,11/10/2021,#NAME?,FALSE,reproduce_logs/poc_40057873.js-9.3.262.log
poc_40057873.js,9.4.87,11/10/2021,#NAME?,FALSE,reproduce_logs/poc_40057873.js-9.4.87.log
poc_40057873.js,9.5.99,11/10/2021,#NAME?,FALSE,reproduce_logs/poc_40057873.js-9.5.99.log
poc_40057873.js,9.6.148,11/10/2021,#NAME?,FALSE,reproduce_logs/poc_40057873.js-9.6.148.log
poc_40057873.js,9.7.84,11/10/2021,#NAME?,FALSE,reproduce_logs/poc_40057873.js-9.7.84.log
poc_40058061.js,8.9.200,11/29/2021,#NAME?,FALSE,reproduce_logs/poc_40058061.js-8.9.200.log
poc_40058061.js,9.0.102,11/29/2021,#NAME?,FALSE,reproduce_logs/poc_40058061.js-9.0.102.log
poc_40058061.js,9.1.1,11/29/2021,#NAME?,FALSE,reproduce_logs/poc_40058061.js-9.1.1.log
poc_40058061.js,9.1.230,11/29/2021,#NAME?,FALSE,reproduce_logs/poc_40058061.js-9.1.230.log
poc_40058061.js,9.2.131,11/29/2021,#NAME?,FALSE,reproduce_logs/poc_40058061.js-9.2.131.log
poc_40058061.js,9.3.38,11/29/2021,#NAME?,FALSE,reproduce_logs/poc_40058061.js-9.3.38.log
poc_40058061.js,9.3.262,11/29/2021,#NAME?,FALSE,reproduce_logs/poc_40058061.js-9.3.262.log
poc_40058061.js,9.4.87,11/29/2021,#NAME?,FALSE,reproduce_logs/poc_40058061.js-9.4.87.log
poc_40058061.js,9.5.99,11/29/2021,#NAME?,FALSE,reproduce_logs/poc_40058061.js-9.5.99.log
poc_40058061.js,9.6.148,11/29/2021,#NAME?,FALSE,reproduce_logs/poc_40058061.js-9.6.148.log
poc_40058061.js,9.7.84,11/29/2021,#NAME?,FALSE,reproduce_logs/poc_40058061.js-9.7.84.log
poc_40058134.js,8.9.200,12/6/2021,#NAME?,FALSE,reproduce_logs/poc_40058134.js-8.9.200.log
poc_40058134.js,9.0.102,12/6/2021,#NAME?,FALSE,reproduce_logs/poc_40058134.js-9.0.102.log
poc_40058134.js,9.1.1,12/6/2021,#NAME?,FALSE,reproduce_logs/poc_40058134.js-9.1.1.log
poc_40058134.js,9.1.230,12/6/2021,#NAME?,FALSE,reproduce_logs/poc_40058134.js-9.1.230.log
poc_40058134.js,9.2.131,12/6/2021,#NAME?,FALSE,reproduce_logs/poc_40058134.js-9.2.131.log
poc_40058134.js,9.3.38,12/6/2021,#NAME?,FALSE,reproduce_logs/poc_40058134.js-9.3.38.log
poc_40058134.js,9.3.262,12/6/2021,#NAME?,FALSE,reproduce_logs/poc_40058134.js-9.3.262.log
poc_40058134.js,9.4.87,12/6/2021,#NAME?,FALSE,reproduce_logs/poc_40058134.js-9.4.87.log
poc_40058134.js,9.5.99,12/6/2021,#NAME?,FALSE,reproduce_logs/poc_40058134.js-9.5.99.log
poc_40058134.js,9.6.148,12/6/2021,#NAME?,FALSE,reproduce_logs/poc_40058134.js-9.6.148.log
poc_40058134.js,9.7.84,12/6/2021,#NAME?,FALSE,reproduce_logs/poc_40058134.js-9.7.84.log
poc_40058134.js,9.8.123,12/6/2021,#NAME?,FALSE,reproduce_logs/poc_40058134.js-9.8.123.log
poc_400584607.js,12.5.129,3/4/2025,#NAME?,FALSE,reproduce_logs/poc_400584607.js-12.5.129.log
poc_400584607.js,12.6.144,3/4/2025,#NAME?,FALSE,reproduce_logs/poc_400584607.js-12.6.144.log
poc_400584607.js,12.7.173,3/4/2025,#NAME?,FALSE,reproduce_logs/poc_400584607.js-12.7.173.log
poc_400584607.js,12.8.168,3/4/2025,#NAME?,FALSE,reproduce_logs/poc_400584607.js-12.8.168.log
poc_400584607.js,12.9.73.1,3/4/2025,#NAME?,FALSE,reproduce_logs/poc_400584607.js-12.9.73.1.log
poc_400584607.js,13.0.136,3/4/2025,#NAME?,FALSE,reproduce_logs/poc_400584607.js-13.0.136.log
poc_400584607.js,13.1.122,3/4/2025,#NAME?,FALSE,reproduce_logs/poc_400584607.js-13.1.122.log
poc_400584607.js,13.2.113,3/4/2025,#NAME?,FALSE,reproduce_logs/poc_400584607.js-13.2.113.log
poc_400584607.js,13.3.206,3/4/2025,#NAME?,FALSE,reproduce_logs/poc_400584607.js-13.3.206.log
poc_400584607.js,13.3.410,3/4/2025,#NAME?,FALSE,reproduce_logs/poc_400584607.js-13.3.410.log
poc_400584607.js,13.4.111,3/4/2025,#NAME?,FALSE,reproduce_logs/poc_400584607.js-13.4.111.log
poc_400584607.js,13.5.208,3/4/2025,#NAME?,FALSE,reproduce_logs/poc_400584607.js-13.5.208.log
poc_40058995.js,9.1.230,3/7/2022,#NAME?,FALSE,reproduce_logs/poc_40058995.js-9.1.230.log
poc_40058995.js,9.2.131,3/7/2022,#NAME?,FALSE,reproduce_logs/poc_40058995.js-9.2.131.log
poc_40058995.js,9.3.38,3/7/2022,#NAME?,FALSE,reproduce_logs/poc_40058995.js-9.3.38.log
poc_40058995.js,9.3.262,3/7/2022,#NAME?,FALSE,reproduce_logs/poc_40058995.js-9.3.262.log
poc_40058995.js,9.4.87,3/7/2022,#NAME?,FALSE,reproduce_logs/poc_40058995.js-9.4.87.log
poc_40058995.js,9.5.99,3/7/2022,#NAME?,FALSE,reproduce_logs/poc_40058995.js-9.5.99.log
poc_40058995.js,9.6.148,3/7/2022,#NAME?,FALSE,reproduce_logs/poc_40058995.js-9.6.148.log
poc_40058995.js,9.7.84,3/7/2022,#NAME?,FALSE,reproduce_logs/poc_40058995.js-9.7.84.log
poc_40058995.js,9.8.123,3/7/2022,#NAME?,FALSE,reproduce_logs/poc_40058995.js-9.8.123.log
poc_40058995.js,9.9.47,3/7/2022,#NAME?,FALSE,reproduce_logs/poc_40058995.js-9.9.47.log
poc_40058995.js,10.0.53,3/7/2022,#NAME?,FALSE,reproduce_logs/poc_40058995.js-10.0.53.log
poc_40058995.js,10.1.42,3/7/2022,#NAME?,TRUE,reproduce_logs/poc_40058995.js-10.1.42.log
poc_40059133.js,9.1.230,3/18/2022, --expose-gc --allow-natives-syntax,TRUE,reproduce_logs/poc_40059133.js-9.1.230.log
poc_40059133.js,9.2.131,3/18/2022, --expose-gc --allow-natives-syntax,TRUE,reproduce_logs/poc_40059133.js-9.2.131.log
poc_40059133.js,9.3.38,3/18/2022, --expose-gc --allow-natives-syntax,TRUE,reproduce_logs/poc_40059133.js-9.3.38.log
poc_40059133.js,9.3.262,3/18/2022, --expose-gc --allow-natives-syntax,TRUE,reproduce_logs/poc_40059133.js-9.3.262.log
poc_40059133.js,9.4.87,3/18/2022, --expose-gc --allow-natives-syntax,TRUE,reproduce_logs/poc_40059133.js-9.4.87.log
poc_40059133.js,9.5.99,3/18/2022, --expose-gc --allow-natives-syntax,TRUE,reproduce_logs/poc_40059133.js-9.5.99.log
poc_40059133.js,9.6.148,3/18/2022, --expose-gc --allow-natives-syntax,TRUE,reproduce_logs/poc_40059133.js-9.6.148.log
poc_40059133.js,9.7.84,3/18/2022, --expose-gc --allow-natives-syntax,TRUE,reproduce_logs/poc_40059133.js-9.7.84.log
poc_40059133.js,9.8.123,3/18/2022, --expose-gc --allow-natives-syntax,TRUE,reproduce_logs/poc_40059133.js-9.8.123.log
poc_40059133.js,9.9.47,3/18/2022, --expose-gc --allow-natives-syntax,TRUE,reproduce_logs/poc_40059133.js-9.9.47.log
poc_40059133.js,10.0.53,3/18/2022, --expose-gc --allow-natives-syntax,TRUE,reproduce_logs/poc_40059133.js-10.0.53.log
poc_40059133.js,10.1.42,3/18/2022, --expose-gc --allow-natives-syntax,TRUE,reproduce_logs/poc_40059133.js-10.1.42.log
poc_40059162.js,9.1.230,3/21/2022,#NAME?,FALSE,reproduce_logs/poc_40059162.js-9.1.230.log
poc_40059162.js,9.2.131,3/21/2022,#NAME?,FALSE,reproduce_logs/poc_40059162.js-9.2.131.log
poc_40059162.js,9.3.38,3/21/2022,#NAME?,FALSE,reproduce_logs/poc_40059162.js-9.3.38.log
poc_40059162.js,9.3.262,3/21/2022,#NAME?,FALSE,reproduce_logs/poc_40059162.js-9.3.262.log
poc_40059162.js,9.4.87,3/21/2022,#NAME?,FALSE,reproduce_logs/poc_40059162.js-9.4.87.log
poc_40059162.js,9.5.99,3/21/2022,#NAME?,FALSE,reproduce_logs/poc_40059162.js-9.5.99.log
poc_40059162.js,9.6.148,3/21/2022,#NAME?,FALSE,reproduce_logs/poc_40059162.js-9.6.148.log
poc_40059162.js,9.7.84,3/21/2022,#NAME?,FALSE,reproduce_logs/poc_40059162.js-9.7.84.log
poc_40059162.js,9.8.123,3/21/2022,#NAME?,FALSE,reproduce_logs/poc_40059162.js-9.8.123.log
poc_40059162.js,9.9.47,3/21/2022,#NAME?,FALSE,reproduce_logs/poc_40059162.js-9.9.47.log
poc_40059162.js,10.0.53,3/21/2022,#NAME?,FALSE,reproduce_logs/poc_40059162.js-10.0.53.log
poc_40059162.js,10.1.42,3/21/2022,#NAME?,FALSE,reproduce_logs/poc_40059162.js-10.1.42.log
poc_40059244.js,9.1.230,3/30/2022,#NAME?,FALSE,reproduce_logs/poc_40059244.js-9.1.230.log
poc_40059244.js,9.2.131,3/30/2022,#NAME?,FALSE,reproduce_logs/poc_40059244.js-9.2.131.log
poc_40059244.js,9.3.38,3/30/2022,#NAME?,FALSE,reproduce_logs/poc_40059244.js-9.3.38.log
poc_40059244.js,9.3.262,3/30/2022,#NAME?,FALSE,reproduce_logs/poc_40059244.js-9.3.262.log
poc_40059244.js,9.4.87,3/30/2022,#NAME?,FALSE,reproduce_logs/poc_40059244.js-9.4.87.log
poc_40059244.js,9.5.99,3/30/2022,#NAME?,FALSE,reproduce_logs/poc_40059244.js-9.5.99.log
poc_40059244.js,9.6.148,3/30/2022,#NAME?,FALSE,reproduce_logs/poc_40059244.js-9.6.148.log
poc_40059244.js,9.7.84,3/30/2022,#NAME?,FALSE,reproduce_logs/poc_40059244.js-9.7.84.log
poc_40059244.js,9.8.123,3/30/2022,#NAME?,FALSE,reproduce_logs/poc_40059244.js-9.8.123.log
poc_40059244.js,9.9.47,3/30/2022,#NAME?,FALSE,reproduce_logs/poc_40059244.js-9.9.47.log
poc_40059244.js,10.0.53,3/30/2022,#NAME?,FALSE,reproduce_logs/poc_40059244.js-10.0.53.log
poc_40059244.js,10.1.42,3/30/2022,#NAME?,FALSE,reproduce_logs/poc_40059244.js-10.1.42.log
poc_40059312.js,9.2.131,4/7/2022,#NAME?,FALSE,reproduce_logs/poc_40059312.js-9.2.131.log
poc_40059312.js,9.3.38,4/7/2022,#NAME?,FALSE,reproduce_logs/poc_40059312.js-9.3.38.log
poc_40059312.js,9.3.262,4/7/2022,#NAME?,FALSE,reproduce_logs/poc_40059312.js-9.3.262.log
poc_40059312.js,9.4.87,4/7/2022,#NAME?,FALSE,reproduce_logs/poc_40059312.js-9.4.87.log
poc_40059312.js,9.5.99,4/7/2022,#NAME?,FALSE,reproduce_logs/poc_40059312.js-9.5.99.log
poc_40059312.js,9.6.148,4/7/2022,#NAME?,FALSE,reproduce_logs/poc_40059312.js-9.6.148.log
poc_40059312.js,9.7.84,4/7/2022,#NAME?,FALSE,reproduce_logs/poc_40059312.js-9.7.84.log
poc_40059312.js,9.8.123,4/7/2022,#NAME?,FALSE,reproduce_logs/poc_40059312.js-9.8.123.log
poc_40059312.js,9.9.47,4/7/2022,#NAME?,FALSE,reproduce_logs/poc_40059312.js-9.9.47.log
poc_40059312.js,10.0.53,4/7/2022,#NAME?,FALSE,reproduce_logs/poc_40059312.js-10.0.53.log
poc_40059312.js,10.1.42,4/7/2022,#NAME?,FALSE,reproduce_logs/poc_40059312.js-10.1.42.log
poc_40059312.js,10.2.51,4/7/2022,#NAME?,FALSE,reproduce_logs/poc_40059312.js-10.2.51.log
poc_40059369.js,9.2.131,4/13/2022,#NAME?,FALSE,reproduce_logs/poc_40059369.js-9.2.131.log
poc_40059369.js,9.3.38,4/13/2022,#NAME?,FALSE,reproduce_logs/poc_40059369.js-9.3.38.log
poc_40059369.js,9.3.262,4/13/2022,#NAME?,FALSE,reproduce_logs/poc_40059369.js-9.3.262.log
poc_40059369.js,9.4.87,4/13/2022,#NAME?,FALSE,reproduce_logs/poc_40059369.js-9.4.87.log
poc_40059369.js,9.5.99,4/13/2022,#NAME?,FALSE,reproduce_logs/poc_40059369.js-9.5.99.log
poc_40059369.js,9.6.148,4/13/2022,#NAME?,FALSE,reproduce_logs/poc_40059369.js-9.6.148.log
poc_40059369.js,9.7.84,4/13/2022,#NAME?,FALSE,reproduce_logs/poc_40059369.js-9.7.84.log
poc_40059369.js,9.8.123,4/13/2022,#NAME?,FALSE,reproduce_logs/poc_40059369.js-9.8.123.log
poc_40059369.js,9.9.47,4/13/2022,#NAME?,FALSE,reproduce_logs/poc_40059369.js-9.9.47.log
poc_40059369.js,10.0.53,4/13/2022,#NAME?,FALSE,reproduce_logs/poc_40059369.js-10.0.53.log
poc_40059369.js,10.1.42,4/13/2022,#NAME?,FALSE,reproduce_logs/poc_40059369.js-10.1.42.log
poc_40059369.js,10.2.51,4/13/2022,#NAME?,FALSE,reproduce_logs/poc_40059369.js-10.2.51.log
poc_40059400.js,9.2.131,4/17/2022,#NAME?,FALSE,reproduce_logs/poc_40059400.js-9.2.131.log
poc_40059400.js,9.3.38,4/17/2022,#NAME?,FALSE,reproduce_logs/poc_40059400.js-9.3.38.log
poc_40059400.js,9.3.262,4/17/2022,#NAME?,FALSE,reproduce_logs/poc_40059400.js-9.3.262.log
poc_40059400.js,9.4.87,4/17/2022,#NAME?,FALSE,reproduce_logs/poc_40059400.js-9.4.87.log
poc_40059400.js,9.5.99,4/17/2022,#NAME?,FALSE,reproduce_logs/poc_40059400.js-9.5.99.log
poc_40059400.js,9.6.148,4/17/2022,#NAME?,FALSE,reproduce_logs/poc_40059400.js-9.6.148.log
poc_40059400.js,9.7.84,4/17/2022,#NAME?,FALSE,reproduce_logs/poc_40059400.js-9.7.84.log
poc_40059400.js,9.8.123,4/17/2022,#NAME?,FALSE,reproduce_logs/poc_40059400.js-9.8.123.log
poc_40059400.js,9.9.47,4/17/2022,#NAME?,FALSE,reproduce_logs/poc_40059400.js-9.9.47.log
poc_40059400.js,10.0.53,4/17/2022,#NAME?,FALSE,reproduce_logs/poc_40059400.js-10.0.53.log
poc_40059400.js,10.1.42,4/17/2022,#NAME?,FALSE,reproduce_logs/poc_40059400.js-10.1.42.log
poc_40059400.js,10.2.51,4/17/2022,#NAME?,FALSE,reproduce_logs/poc_40059400.js-10.2.51.log
poc_40059498.js,9.2.131,4/27/2022,#NAME?,FALSE,reproduce_logs/poc_40059498.js-9.2.131.log
poc_40059498.js,9.3.38,4/27/2022,#NAME?,FALSE,reproduce_logs/poc_40059498.js-9.3.38.log
poc_40059498.js,9.3.262,4/27/2022,#NAME?,FALSE,reproduce_logs/poc_40059498.js-9.3.262.log
poc_40059498.js,9.4.87,4/27/2022,#NAME?,FALSE,reproduce_logs/poc_40059498.js-9.4.87.log
poc_40059498.js,9.5.99,4/27/2022,#NAME?,FALSE,reproduce_logs/poc_40059498.js-9.5.99.log
poc_40059498.js,9.6.148,4/27/2022,#NAME?,FALSE,reproduce_logs/poc_40059498.js-9.6.148.log
poc_40059498.js,9.7.84,4/27/2022,#NAME?,FALSE,reproduce_logs/poc_40059498.js-9.7.84.log
poc_40059498.js,9.8.123,4/27/2022,#NAME?,FALSE,reproduce_logs/poc_40059498.js-9.8.123.log
poc_40059498.js,9.9.47,4/27/2022,#NAME?,FALSE,reproduce_logs/poc_40059498.js-9.9.47.log
poc_40059498.js,10.0.53,4/27/2022,#NAME?,FALSE,reproduce_logs/poc_40059498.js-10.0.53.log
poc_40059498.js,10.1.42,4/27/2022,#NAME?,TRUE,reproduce_logs/poc_40059498.js-10.1.42.log
poc_40059498.js,10.2.51,4/27/2022,#NAME?,TRUE,reproduce_logs/poc_40059498.js-10.2.51.log
poc_40059549.js,9.3.38,5/2/2022,#NAME?,FALSE,reproduce_logs/poc_40059549.js-9.3.38.log
poc_40059549.js,9.3.262,5/2/2022,#NAME?,FALSE,reproduce_logs/poc_40059549.js-9.3.262.log
poc_40059549.js,9.4.87,5/2/2022,#NAME?,FALSE,reproduce_logs/poc_40059549.js-9.4.87.log
poc_40059549.js,9.5.99,5/2/2022,#NAME?,FALSE,reproduce_logs/poc_40059549.js-9.5.99.log
poc_40059549.js,9.6.148,5/2/2022,#NAME?,FALSE,reproduce_logs/poc_40059549.js-9.6.148.log
poc_40059549.js,9.7.84,5/2/2022,#NAME?,FALSE,reproduce_logs/poc_40059549.js-9.7.84.log
poc_40059549.js,9.8.123,5/2/2022,#NAME?,FALSE,reproduce_logs/poc_40059549.js-9.8.123.log
poc_40059549.js,9.9.47,5/2/2022,#NAME?,FALSE,reproduce_logs/poc_40059549.js-9.9.47.log
poc_40059549.js,10.0.53,5/2/2022,#NAME?,FALSE,reproduce_logs/poc_40059549.js-10.0.53.log
poc_40059549.js,10.1.42,5/2/2022,#NAME?,FALSE,reproduce_logs/poc_40059549.js-10.1.42.log
poc_40059549.js,10.2.51,5/2/2022,#NAME?,FALSE,reproduce_logs/poc_40059549.js-10.2.51.log
poc_40059549.js,10.3.91,5/2/2022,#NAME?,FALSE,reproduce_logs/poc_40059549.js-10.3.91.log
poc_40059979.js,9.3.262,6/16/2022, --allow-natives-syntax,FALSE,reproduce_logs/poc_40059979.js-9.3.262.log
poc_40059979.js,9.4.87,6/16/2022, --allow-natives-syntax,FALSE,reproduce_logs/poc_40059979.js-9.4.87.log
poc_40059979.js,9.5.99,6/16/2022, --allow-natives-syntax,FALSE,reproduce_logs/poc_40059979.js-9.5.99.log
poc_40059979.js,9.6.148,6/16/2022, --allow-natives-syntax,FALSE,reproduce_logs/poc_40059979.js-9.6.148.log
poc_40059979.js,9.7.84,6/16/2022, --allow-natives-syntax,FALSE,reproduce_logs/poc_40059979.js-9.7.84.log
poc_40059979.js,9.8.123,6/16/2022, --allow-natives-syntax,FALSE,reproduce_logs/poc_40059979.js-9.8.123.log
poc_40059979.js,9.9.47,6/16/2022, --allow-natives-syntax,FALSE,reproduce_logs/poc_40059979.js-9.9.47.log
poc_40059979.js,10.0.53,6/16/2022, --allow-natives-syntax,FALSE,reproduce_logs/poc_40059979.js-10.0.53.log
poc_40059979.js,10.1.42,6/16/2022, --allow-natives-syntax,FALSE,reproduce_logs/poc_40059979.js-10.1.42.log
poc_40059979.js,10.2.51,6/16/2022, --allow-natives-syntax,FALSE,reproduce_logs/poc_40059979.js-10.2.51.log
poc_40059979.js,10.3.91,6/16/2022, --allow-natives-syntax,FALSE,reproduce_logs/poc_40059979.js-10.3.91.log
poc_40059979.js,10.4.101,6/16/2022, --allow-natives-syntax,FALSE,reproduce_logs/poc_40059979.js-10.4.101.log
poc_40060077.js,9.3.262,6/26/2022,#NAME?,FALSE,reproduce_logs/poc_40060077.js-9.3.262.log
poc_40060077.js,9.4.87,6/26/2022,#NAME?,FALSE,reproduce_logs/poc_40060077.js-9.4.87.log
poc_40060077.js,9.5.99,6/26/2022,#NAME?,FALSE,reproduce_logs/poc_40060077.js-9.5.99.log
poc_40060077.js,9.6.148,6/26/2022,#NAME?,FALSE,reproduce_logs/poc_40060077.js-9.6.148.log
poc_40060077.js,9.7.84,6/26/2022,#NAME?,FALSE,reproduce_logs/poc_40060077.js-9.7.84.log
poc_40060077.js,9.8.123,6/26/2022,#NAME?,FALSE,reproduce_logs/poc_40060077.js-9.8.123.log
poc_40060077.js,9.9.47,6/26/2022,#NAME?,FALSE,reproduce_logs/poc_40060077.js-9.9.47.log
poc_40060077.js,10.0.53,6/26/2022,#NAME?,FALSE,reproduce_logs/poc_40060077.js-10.0.53.log
poc_40060077.js,10.1.42,6/26/2022,#NAME?,FALSE,reproduce_logs/poc_40060077.js-10.1.42.log
poc_40060077.js,10.2.51,6/26/2022,#NAME?,FALSE,reproduce_logs/poc_40060077.js-10.2.51.log
poc_40060077.js,10.3.91,6/26/2022,#NAME?,TRUE,reproduce_logs/poc_40060077.js-10.3.91.log
poc_40060077.js,10.4.101,6/26/2022,#NAME?,TRUE,reproduce_logs/poc_40060077.js-10.4.101.log
poc_40060419.js,9.4.87,7/27/2022,#NAME?,TRUE,reproduce_logs/poc_40060419.js-9.4.87.log
poc_40060419.js,9.5.99,7/27/2022,#NAME?,TRUE,reproduce_logs/poc_40060419.js-9.5.99.log
poc_40060419.js,9.6.148,7/27/2022,#NAME?,TRUE,reproduce_logs/poc_40060419.js-9.6.148.log
poc_40060419.js,9.7.84,7/27/2022,#NAME?,TRUE,reproduce_logs/poc_40060419.js-9.7.84.log
poc_40060419.js,9.8.123,7/27/2022,#NAME?,TRUE,reproduce_logs/poc_40060419.js-9.8.123.log
poc_40060419.js,9.9.47,7/27/2022,#NAME?,TRUE,reproduce_logs/poc_40060419.js-9.9.47.log
poc_40060419.js,10.0.53,7/27/2022,#NAME?,TRUE,reproduce_logs/poc_40060419.js-10.0.53.log
poc_40060419.js,10.1.42,7/27/2022,#NAME?,TRUE,reproduce_logs/poc_40060419.js-10.1.42.log
poc_40060419.js,10.2.51,7/27/2022,#NAME?,TRUE,reproduce_logs/poc_40060419.js-10.2.51.log
poc_40060419.js,10.3.91,7/27/2022,#NAME?,TRUE,reproduce_logs/poc_40060419.js-10.3.91.log
poc_40060419.js,10.4.101,7/27/2022,#NAME?,TRUE,reproduce_logs/poc_40060419.js-10.4.101.log
poc_40060419.js,10.5.111,7/27/2022,#NAME?,TRUE,reproduce_logs/poc_40060419.js-10.5.111.log
poc_40060736.js,9.5.99,8/31/2022, --allow-natives-syntax --harmony ,FALSE,reproduce_logs/poc_40060736.js-9.5.99.log
poc_40060736.js,9.6.148,8/31/2022, --allow-natives-syntax --harmony ,FALSE,reproduce_logs/poc_40060736.js-9.6.148.log
poc_40060736.js,9.7.84,8/31/2022, --allow-natives-syntax --harmony ,FALSE,reproduce_logs/poc_40060736.js-9.7.84.log
poc_40060736.js,9.8.123,8/31/2022, --allow-natives-syntax --harmony ,FALSE,reproduce_logs/poc_40060736.js-9.8.123.log
poc_40060736.js,9.9.47,8/31/2022, --allow-natives-syntax --harmony ,FALSE,reproduce_logs/poc_40060736.js-9.9.47.log
poc_40060736.js,10.0.53,8/31/2022, --allow-natives-syntax --harmony ,FALSE,reproduce_logs/poc_40060736.js-10.0.53.log
poc_40060736.js,10.1.42,8/31/2022, --allow-natives-syntax --harmony ,FALSE,reproduce_logs/poc_40060736.js-10.1.42.log
poc_40060736.js,10.2.51,8/31/2022, --allow-natives-syntax --harmony ,FALSE,reproduce_logs/poc_40060736.js-10.2.51.log
poc_40060736.js,10.3.91,8/31/2022, --allow-natives-syntax --harmony ,TRUE,reproduce_logs/poc_40060736.js-10.3.91.log
poc_40060736.js,10.4.101,8/31/2022, --allow-natives-syntax --harmony ,TRUE,reproduce_logs/poc_40060736.js-10.4.101.log
poc_40060736.js,10.5.111,8/31/2022, --allow-natives-syntax --harmony ,FALSE,reproduce_logs/poc_40060736.js-10.5.111.log
poc_40060736.js,10.6.68,8/31/2022, --allow-natives-syntax --harmony ,FALSE,reproduce_logs/poc_40060736.js-10.6.68.log
poc_40060736.js,10.7.81,8/31/2022, --allow-natives-syntax --harmony ,TRUE,reproduce_logs/poc_40060736.js-10.7.81.log
poc_40060819.js,9.6.148,9/5/2022,#NAME?,FALSE,reproduce_logs/poc_40060819.js-9.6.148.log
poc_40060819.js,9.7.84,9/5/2022,#NAME?,FALSE,reproduce_logs/poc_40060819.js-9.7.84.log
poc_40060819.js,9.8.123,9/5/2022,#NAME?,FALSE,reproduce_logs/poc_40060819.js-9.8.123.log
poc_40060819.js,9.9.47,9/5/2022,#NAME?,FALSE,reproduce_logs/poc_40060819.js-9.9.47.log
poc_40060819.js,10.0.53,9/5/2022,#NAME?,FALSE,reproduce_logs/poc_40060819.js-10.0.53.log
poc_40060819.js,10.1.42,9/5/2022,#NAME?,TRUE,reproduce_logs/poc_40060819.js-10.1.42.log
poc_40060819.js,10.2.51,9/5/2022,#NAME?,FALSE,reproduce_logs/poc_40060819.js-10.2.51.log
poc_40060819.js,10.3.91,9/5/2022,#NAME?,FALSE,reproduce_logs/poc_40060819.js-10.3.91.log
poc_40060819.js,10.4.101,9/5/2022,#NAME?,FALSE,reproduce_logs/poc_40060819.js-10.4.101.log
poc_40060819.js,10.5.111,9/5/2022,#NAME?,FALSE,reproduce_logs/poc_40060819.js-10.5.111.log
poc_40060819.js,10.6.68,9/5/2022,#NAME?,FALSE,reproduce_logs/poc_40060819.js-10.6.68.log
poc_40060819.js,10.7.81,9/5/2022,#NAME?,FALSE,reproduce_logs/poc_40060819.js-10.7.81.log
poc_40060841.js,9.6.148,9/6/2022,#NAME?,FALSE,reproduce_logs/poc_40060841.js-9.6.148.log
poc_40060841.js,9.7.84,9/6/2022,#NAME?,FALSE,reproduce_logs/poc_40060841.js-9.7.84.log
poc_40060841.js,9.8.123,9/6/2022,#NAME?,FALSE,reproduce_logs/poc_40060841.js-9.8.123.log
poc_40060841.js,9.9.47,9/6/2022,#NAME?,FALSE,reproduce_logs/poc_40060841.js-9.9.47.log
poc_40060841.js,10.0.53,9/6/2022,#NAME?,FALSE,reproduce_logs/poc_40060841.js-10.0.53.log
poc_40060841.js,10.1.42,9/6/2022,#NAME?,FALSE,reproduce_logs/poc_40060841.js-10.1.42.log
poc_40060841.js,10.2.51,9/6/2022,#NAME?,FALSE,reproduce_logs/poc_40060841.js-10.2.51.log
poc_40060841.js,10.3.91,9/6/2022,#NAME?,FALSE,reproduce_logs/poc_40060841.js-10.3.91.log
poc_40060841.js,10.4.101,9/6/2022,#NAME?,FALSE,reproduce_logs/poc_40060841.js-10.4.101.log
poc_40060841.js,10.5.111,9/6/2022,#NAME?,FALSE,reproduce_logs/poc_40060841.js-10.5.111.log
poc_40060841.js,10.6.68,9/6/2022,#NAME?,FALSE,reproduce_logs/poc_40060841.js-10.6.68.log
poc_40060841.js,10.7.81,9/6/2022,#NAME?,FALSE,reproduce_logs/poc_40060841.js-10.7.81.log
poc_40060946.js,9.6.148,9/13/2022, --maglev ,FALSE,reproduce_logs/poc_40060946.js-9.6.148.log
poc_40060946.js,9.7.84,9/13/2022, --maglev ,FALSE,reproduce_logs/poc_40060946.js-9.7.84.log
poc_40060946.js,9.8.123,9/13/2022, --maglev ,FALSE,reproduce_logs/poc_40060946.js-9.8.123.log
poc_40060946.js,9.9.47,9/13/2022, --maglev ,FALSE,reproduce_logs/poc_40060946.js-9.9.47.log
poc_40060946.js,10.0.53,9/13/2022, --maglev ,FALSE,reproduce_logs/poc_40060946.js-10.0.53.log
poc_40060946.js,10.1.42,9/13/2022, --maglev ,FALSE,reproduce_logs/poc_40060946.js-10.1.42.log
poc_40060946.js,10.2.51,9/13/2022, --maglev ,FALSE,reproduce_logs/poc_40060946.js-10.2.51.log
poc_40060946.js,10.3.91,9/13/2022, --maglev ,FALSE,reproduce_logs/poc_40060946.js-10.3.91.log
poc_40060946.js,10.4.101,9/13/2022, --maglev ,FALSE,reproduce_logs/poc_40060946.js-10.4.101.log
poc_40060946.js,10.5.111,9/13/2022, --maglev ,FALSE,reproduce_logs/poc_40060946.js-10.5.111.log
poc_40060946.js,10.6.68,9/13/2022, --maglev ,FALSE,reproduce_logs/poc_40060946.js-10.6.68.log
poc_40060946.js,10.7.81,9/13/2022, --maglev ,FALSE,reproduce_logs/poc_40060946.js-10.7.81.log
poc_40061099.js,9.6.148,9/22/2022,#NAME?,FALSE,reproduce_logs/poc_40061099.js-9.6.148.log
poc_40061099.js,9.7.84,9/22/2022,#NAME?,FALSE,reproduce_logs/poc_40061099.js-9.7.84.log
poc_40061099.js,9.8.123,9/22/2022,#NAME?,FALSE,reproduce_logs/poc_40061099.js-9.8.123.log
poc_40061099.js,9.9.47,9/22/2022,#NAME?,FALSE,reproduce_logs/poc_40061099.js-9.9.47.log
poc_40061099.js,10.0.53,9/22/2022,#NAME?,FALSE,reproduce_logs/poc_40061099.js-10.0.53.log
poc_40061099.js,10.1.42,9/22/2022,#NAME?,FALSE,reproduce_logs/poc_40061099.js-10.1.42.log
poc_40061099.js,10.2.51,9/22/2022,#NAME?,FALSE,reproduce_logs/poc_40061099.js-10.2.51.log
poc_40061099.js,10.3.91,9/22/2022,#NAME?,FALSE,reproduce_logs/poc_40061099.js-10.3.91.log
poc_40061099.js,10.4.101,9/22/2022,#NAME?,FALSE,reproduce_logs/poc_40061099.js-10.4.101.log
poc_40061099.js,10.5.111,9/22/2022,#NAME?,FALSE,reproduce_logs/poc_40061099.js-10.5.111.log
poc_40061099.js,10.6.68,9/22/2022,#NAME?,FALSE,reproduce_logs/poc_40061099.js-10.6.68.log
poc_40061099.js,10.7.81,9/22/2022,#NAME?,FALSE,reproduce_logs/poc_40061099.js-10.7.81.log
poc_40061150.js,9.6.148,9/26/2022,#NAME?,FALSE,reproduce_logs/poc_40061150.js-9.6.148.log
poc_40061150.js,9.7.84,9/26/2022,#NAME?,FALSE,reproduce_logs/poc_40061150.js-9.7.84.log
poc_40061150.js,9.8.123,9/26/2022,#NAME?,FALSE,reproduce_logs/poc_40061150.js-9.8.123.log
poc_40061150.js,9.9.47,9/26/2022,#NAME?,FALSE,reproduce_logs/poc_40061150.js-9.9.47.log
poc_40061150.js,10.0.53,9/26/2022,#NAME?,FALSE,reproduce_logs/poc_40061150.js-10.0.53.log
poc_40061150.js,10.1.42,9/26/2022,#NAME?,TRUE,reproduce_logs/poc_40061150.js-10.1.42.log
poc_40061150.js,10.2.51,9/26/2022,#NAME?,FALSE,reproduce_logs/poc_40061150.js-10.2.51.log
poc_40061150.js,10.3.91,9/26/2022,#NAME?,FALSE,reproduce_logs/poc_40061150.js-10.3.91.log
poc_40061150.js,10.4.101,9/26/2022,#NAME?,FALSE,reproduce_logs/poc_40061150.js-10.4.101.log
poc_40061150.js,10.5.111,9/26/2022,#NAME?,FALSE,reproduce_logs/poc_40061150.js-10.5.111.log
poc_40061150.js,10.6.68,9/26/2022,#NAME?,FALSE,reproduce_logs/poc_40061150.js-10.6.68.log
poc_40061150.js,10.7.81,9/26/2022,#NAME?,FALSE,reproduce_logs/poc_40061150.js-10.7.81.log
poc_40061184.js,9.6.148,9/30/2022,#NAME?,FALSE,reproduce_logs/poc_40061184.js-9.6.148.log
poc_40061184.js,9.7.84,9/30/2022,#NAME?,FALSE,reproduce_logs/poc_40061184.js-9.7.84.log
poc_40061184.js,9.8.123,9/30/2022,#NAME?,FALSE,reproduce_logs/poc_40061184.js-9.8.123.log
poc_40061184.js,9.9.47,9/30/2022,#NAME?,FALSE,reproduce_logs/poc_40061184.js-9.9.47.log
poc_40061184.js,10.0.53,9/30/2022,#NAME?,FALSE,reproduce_logs/poc_40061184.js-10.0.53.log
poc_40061184.js,10.1.42,9/30/2022,#NAME?,FALSE,reproduce_logs/poc_40061184.js-10.1.42.log
poc_40061184.js,10.2.51,9/30/2022,#NAME?,FALSE,reproduce_logs/poc_40061184.js-10.2.51.log
poc_40061184.js,10.3.91,9/30/2022,#NAME?,FALSE,reproduce_logs/poc_40061184.js-10.3.91.log
poc_40061184.js,10.4.101,9/30/2022,#NAME?,FALSE,reproduce_logs/poc_40061184.js-10.4.101.log
poc_40061184.js,10.5.111,9/30/2022,#NAME?,FALSE,reproduce_logs/poc_40061184.js-10.5.111.log
poc_40061184.js,10.6.68,9/30/2022,#NAME?,FALSE,reproduce_logs/poc_40061184.js-10.6.68.log
poc_40061184.js,10.7.81,9/30/2022,#NAME?,FALSE,reproduce_logs/poc_40061184.js-10.7.81.log
poc_40061184.js,10.8.92,9/30/2022,#NAME?,FALSE,reproduce_logs/poc_40061184.js-10.8.92.log
poc_40061447.js,9.7.84,10/24/2022,#NAME?,FALSE,reproduce_logs/poc_40061447.js-9.7.84.log
poc_40061447.js,9.8.123,10/24/2022,#NAME?,FALSE,reproduce_logs/poc_40061447.js-9.8.123.log
poc_40061447.js,9.9.47,10/24/2022,#NAME?,FALSE,reproduce_logs/poc_40061447.js-9.9.47.log
poc_40061447.js,10.0.53,10/24/2022,#NAME?,FALSE,reproduce_logs/poc_40061447.js-10.0.53.log
poc_40061447.js,10.1.42,10/24/2022,#NAME?,FALSE,reproduce_logs/poc_40061447.js-10.1.42.log
poc_40061447.js,10.2.51,10/24/2022,#NAME?,FALSE,reproduce_logs/poc_40061447.js-10.2.51.log
poc_40061447.js,10.3.91,10/24/2022,#NAME?,FALSE,reproduce_logs/poc_40061447.js-10.3.91.log
poc_40061447.js,10.4.101,10/24/2022,#NAME?,TRUE,reproduce_logs/poc_40061447.js-10.4.101.log
poc_40061447.js,10.5.111,10/24/2022,#NAME?,TRUE,reproduce_logs/poc_40061447.js-10.5.111.log
poc_40061447.js,10.6.68,10/24/2022,#NAME?,TRUE,reproduce_logs/poc_40061447.js-10.6.68.log
poc_40061447.js,10.7.81,10/24/2022,#NAME?,TRUE,reproduce_logs/poc_40061447.js-10.7.81.log
poc_40061447.js,10.8.92,10/24/2022,#NAME?,TRUE,reproduce_logs/poc_40061447.js-10.8.92.log
poc_40061451.js,9.7.84,10/24/2022,#NAME?,TRUE,reproduce_logs/poc_40061451.js-9.7.84.log
poc_40061451.js,9.8.123,10/24/2022,#NAME?,TRUE,reproduce_logs/poc_40061451.js-9.8.123.log
poc_40061451.js,9.9.47,10/24/2022,#NAME?,TRUE,reproduce_logs/poc_40061451.js-9.9.47.log
poc_40061451.js,10.0.53,10/24/2022,#NAME?,TRUE,reproduce_logs/poc_40061451.js-10.0.53.log
poc_40061451.js,10.1.42,10/24/2022,#NAME?,TRUE,reproduce_logs/poc_40061451.js-10.1.42.log
poc_40061451.js,10.2.51,10/24/2022,#NAME?,TRUE,reproduce_logs/poc_40061451.js-10.2.51.log
poc_40061451.js,10.3.91,10/24/2022,#NAME?,TRUE,reproduce_logs/poc_40061451.js-10.3.91.log
poc_40061451.js,10.4.101,10/24/2022,#NAME?,TRUE,reproduce_logs/poc_40061451.js-10.4.101.log
poc_40061451.js,10.5.111,10/24/2022,#NAME?,TRUE,reproduce_logs/poc_40061451.js-10.5.111.log
poc_40061451.js,10.6.68,10/24/2022,#NAME?,TRUE,reproduce_logs/poc_40061451.js-10.6.68.log
poc_40061451.js,10.7.81,10/24/2022,#NAME?,TRUE,reproduce_logs/poc_40061451.js-10.7.81.log
poc_40061451.js,10.8.92,10/24/2022,#NAME?,TRUE,reproduce_logs/poc_40061451.js-10.8.92.log
poc_40061456a.js,9.7.84,10/24/2022,#NAME?,FALSE,reproduce_logs/poc_40061456a.js-9.7.84.log
poc_40061456a.js,9.8.123,10/24/2022,#NAME?,FALSE,reproduce_logs/poc_40061456a.js-9.8.123.log
poc_40061456a.js,9.9.47,10/24/2022,#NAME?,FALSE,reproduce_logs/poc_40061456a.js-9.9.47.log
poc_40061456a.js,10.0.53,10/24/2022,#NAME?,FALSE,reproduce_logs/poc_40061456a.js-10.0.53.log
poc_40061456a.js,10.1.42,10/24/2022,#NAME?,FALSE,reproduce_logs/poc_40061456a.js-10.1.42.log
poc_40061456a.js,10.2.51,10/24/2022,#NAME?,FALSE,reproduce_logs/poc_40061456a.js-10.2.51.log
poc_40061456a.js,10.3.91,10/24/2022,#NAME?,FALSE,reproduce_logs/poc_40061456a.js-10.3.91.log
poc_40061456a.js,10.4.101,10/24/2022,#NAME?,FALSE,reproduce_logs/poc_40061456a.js-10.4.101.log
poc_40061456a.js,10.5.111,10/24/2022,#NAME?,FALSE,reproduce_logs/poc_40061456a.js-10.5.111.log
poc_40061456a.js,10.6.68,10/24/2022,#NAME?,TRUE,reproduce_logs/poc_40061456a.js-10.6.68.log
poc_40061456a.js,10.7.81,10/24/2022,#NAME?,TRUE,reproduce_logs/poc_40061456a.js-10.7.81.log
poc_40061456a.js,10.8.92,10/24/2022,#NAME?,TRUE,reproduce_logs/poc_40061456a.js-10.8.92.log
poc_40061456b.js,9.7.84,10/24/2022,#NAME?,FALSE,reproduce_logs/poc_40061456b.js-9.7.84.log
poc_40061456b.js,9.8.123,10/24/2022,#NAME?,FALSE,reproduce_logs/poc_40061456b.js-9.8.123.log
poc_40061456b.js,9.9.47,10/24/2022,#NAME?,FALSE,reproduce_logs/poc_40061456b.js-9.9.47.log
poc_40061456b.js,10.0.53,10/24/2022,#NAME?,FALSE,reproduce_logs/poc_40061456b.js-10.0.53.log
poc_40061456b.js,10.1.42,10/24/2022,#NAME?,FALSE,reproduce_logs/poc_40061456b.js-10.1.42.log
poc_40061456b.js,10.2.51,10/24/2022,#NAME?,FALSE,reproduce_logs/poc_40061456b.js-10.2.51.log
poc_40061456b.js,10.3.91,10/24/2022,#NAME?,FALSE,reproduce_logs/poc_40061456b.js-10.3.91.log
poc_40061456b.js,10.4.101,10/24/2022,#NAME?,FALSE,reproduce_logs/poc_40061456b.js-10.4.101.log
poc_40061456b.js,10.5.111,10/24/2022,#NAME?,FALSE,reproduce_logs/poc_40061456b.js-10.5.111.log
poc_40061456b.js,10.6.68,10/24/2022,#NAME?,TRUE,reproduce_logs/poc_40061456b.js-10.6.68.log
poc_40061456b.js,10.7.81,10/24/2022,#NAME?,TRUE,reproduce_logs/poc_40061456b.js-10.7.81.log
poc_40061456b.js,10.8.92,10/24/2022,#NAME?,TRUE,reproduce_logs/poc_40061456b.js-10.8.92.log
poc_40061500.js,9.7.84,10/27/2022,#NAME?,FALSE,reproduce_logs/poc_40061500.js-9.7.84.log
poc_40061500.js,9.8.123,10/27/2022,#NAME?,FALSE,reproduce_logs/poc_40061500.js-9.8.123.log
poc_40061500.js,9.9.47,10/27/2022,#NAME?,FALSE,reproduce_logs/poc_40061500.js-9.9.47.log
poc_40061500.js,10.0.53,10/27/2022,#NAME?,FALSE,reproduce_logs/poc_40061500.js-10.0.53.log
poc_40061500.js,10.1.42,10/27/2022,#NAME?,FALSE,reproduce_logs/poc_40061500.js-10.1.42.log
poc_40061500.js,10.2.51,10/27/2022,#NAME?,FALSE,reproduce_logs/poc_40061500.js-10.2.51.log
poc_40061500.js,10.3.91,10/27/2022,#NAME?,FALSE,reproduce_logs/poc_40061500.js-10.3.91.log
poc_40061500.js,10.4.101,10/27/2022,#NAME?,FALSE,reproduce_logs/poc_40061500.js-10.4.101.log
poc_40061500.js,10.5.111,10/27/2022,#NAME?,FALSE,reproduce_logs/poc_40061500.js-10.5.111.log
poc_40061500.js,10.6.68,10/27/2022,#NAME?,FALSE,reproduce_logs/poc_40061500.js-10.6.68.log
poc_40061500.js,10.7.81,10/27/2022,#NAME?,FALSE,reproduce_logs/poc_40061500.js-10.7.81.log
poc_40061500.js,10.8.92,10/27/2022,#NAME?,FALSE,reproduce_logs/poc_40061500.js-10.8.92.log
poc_40061549.js,9.8.123,11/1/2022,#NAME?,FALSE,reproduce_logs/poc_40061549.js-9.8.123.log
poc_40061549.js,9.9.47,11/1/2022,#NAME?,FALSE,reproduce_logs/poc_40061549.js-9.9.47.log
poc_40061549.js,10.0.53,11/1/2022,#NAME?,FALSE,reproduce_logs/poc_40061549.js-10.0.53.log
poc_40061549.js,10.1.42,11/1/2022,#NAME?,FALSE,reproduce_logs/poc_40061549.js-10.1.42.log
poc_40061549.js,10.2.51,11/1/2022,#NAME?,FALSE,reproduce_logs/poc_40061549.js-10.2.51.log
poc_40061549.js,10.3.91,11/1/2022,#NAME?,FALSE,reproduce_logs/poc_40061549.js-10.3.91.log
poc_40061549.js,10.4.101,11/1/2022,#NAME?,FALSE,reproduce_logs/poc_40061549.js-10.4.101.log
poc_40061549.js,10.5.111,11/1/2022,#NAME?,FALSE,reproduce_logs/poc_40061549.js-10.5.111.log
poc_40061549.js,10.6.68,11/1/2022,#NAME?,FALSE,reproduce_logs/poc_40061549.js-10.6.68.log
poc_40061549.js,10.7.81,11/1/2022,#NAME?,FALSE,reproduce_logs/poc_40061549.js-10.7.81.log
poc_40061549.js,10.8.92,11/1/2022,#NAME?,FALSE,reproduce_logs/poc_40061549.js-10.8.92.log
poc_40061549.js,10.9.129,11/1/2022,#NAME?,FALSE,reproduce_logs/poc_40061549.js-10.9.129.log
